{
  "content": [
    {
      "path": "ContentInfo/julysfire-indiana-koxi/Thumbnail.jpg",
      "size": 32756,
      "date": 132531704194062197
    },
    {
      "path": "MaterialLibs/mymaterialskoxi/Library.xml",
      "size": 959,
      "date": 132664475735275412
    },
    {
      "path": "MaterialLibs/mymaterialskoxi/Textures/TEXTURESCOM_PAVEMENT_ROADSEALED_1K_ALBEDO.TIF.DDS",
      "size": 699236,
      "date": 132664475746694600
    },
    {
      "path": "MaterialLibs/mymaterialskoxi/Textures/TexturesCom_Pavement_RoadSealed_1K_albedo.tif.DDS.FLAGS",
      "size": 39,
      "date": 132474240900365894
    },
    {
      "path": "MaterialLibs/mymaterialskoxi/Textures/TEXTURESCOM_PAVEMENT_ROADSEALED_1K_ALBEDO.TIF.DDS.json",
      "size": 231,
      "date": 132664475746674573
    },
    {
      "path": "scenery/world/scenerykoxi/koxiscene.bgl",
      "size": 28903,
      "date": 132664475747175032
    },
    {
      "path": "scenery/world/scenerykoxi/koxishapes.bgl",
      "size": 1178,
      "date": 132664475747385222
    }
  ]
}