{
  "content": [
    {
      "path": "ContentInfo/julysfire-indiana-koxi/Thumbnail.jpg",
      "size": 32756,
      "date": 132531704194062197
    },
    {
      "path": "MaterialLibs/mymaterialskoxi/Library.xml",
      "size": 709,
      "date": 132750901821282164
    },
    {
      "path": "MaterialLibs/mymaterialskoxi/Textures/TexturesCom_Pavement_RoadSealed_1K_albedo.tif.DDS",
      "size": 699236,
      "date": 132750901822960505
    },
    {
      "path": "MaterialLibs/mymaterialskoxi/Textures/TexturesCom_Pavement_RoadSealed_1K_albedo.tif.DDS.FLAGS",
      "size": 39,
      "date": 132474240900365894
    },
    {
      "path": "MaterialLibs/mymaterialskoxi/Textures/TexturesCom_Pavement_RoadSealed_1K_albedo.tif.DDS.json",
      "size": 231,
      "date": 132750901822950493
    },
    {
      "path": "scenery/world/scenerykoxi/koxiscene.bgl",
      "size": 28903,
      "date": 132750901823350862
    },
    {
      "path": "scenery/world/scenerykoxi/koxishapes.bgl",
      "size": 1178,
      "date": 132750901823480982
    }
  ]
}