{
  "content": [
    {
      "path": "ContentInfo/julysfire-indiana-kmcx/Thumbnail.jpg",
      "size": 30130,
      "date": 132531703678142840
    },
    {
      "path": "MaterialLibs/mymaterialskmcx/Library.xml",
      "size": 959,
      "date": 132612554988545424
    },
    {
      "path": "MaterialLibs/mymaterialskmcx/Textures/TEXTURESCOM_PAVEMENT_ROADSEALED_1K_ALBEDO.TIF.DDS",
      "size": 699236,
      "date": 132612554990080917
    },
    {
      "path": "MaterialLibs/mymaterialskmcx/Textures/TexturesCom_Pavement_RoadSealed_1K_albedo.tif.DDS.FLAGS",
      "size": 39,
      "date": 132474240900365894
    },
    {
      "path": "MaterialLibs/mymaterialskmcx/Textures/TEXTURESCOM_PAVEMENT_ROADSEALED_1K_ALBEDO.TIF.DDS.json",
      "size": 231,
      "date": 132612554990070904
    },
    {
      "path": "scenery/world/scenerykmcx/POLYSKMCX.BGL",
      "size": 1152,
      "date": 132612554991031774
    },
    {
      "path": "scenery/world/scenerykmcx/scenekmcx.bgl",
      "size": 46149,
      "date": 132612554990781555
    }
  ]
}