{
  "content": [
    {
      "path": "ContentInfo/julysfire-indiana-kbfr/Thumbnail.jpg",
      "size": 13520,
      "date": 132399197780000000
    },
    {
      "path": "scenery/global/scenerykbfr/modelskbfr.BGL",
      "size": 29222,
      "date": 132515355222799238
    },
    {
      "path": "scenery/global/scenerykbfr/TEXTURE/PAVILLCOLOR.PNG.DDS",
      "size": 22369776,
      "date": 132515355045755366
    },
    {
      "path": "scenery/global/scenerykbfr/TEXTURE/PAVILLCOLOR.PNG.DDS.json",
      "size": 119,
      "date": 132515355045535167
    },
    {
      "path": "scenery/global/scenerykbfr/TEXTURE/PAVILLNORMAL.PNG.DDS",
      "size": 22369796,
      "date": 132515355222425572
    },
    {
      "path": "scenery/global/scenerykbfr/TEXTURE/PAVILLNORMAL.PNG.DDS.json",
      "size": 191,
      "date": 132515355222225392
    },
    {
      "path": "scenery/world/scenerykbfr/KBFRPOLIES.BGL",
      "size": 3925,
      "date": 132515355223644340
    },
    {
      "path": "scenery/world/scenerykbfr/kbfrscene.bgl",
      "size": 23382,
      "date": 132515355223344054
    }
  ]
}