{
  "content": [
    {
      "path": "ContentInfo/julysfire-indiana-kiwh/ContentHistory.json",
      "size": 146,
      "date": 133213345221112300
    },
    {
      "path": "ContentInfo/julysfire-indiana-kiwh/Thumbnail.jpg",
      "size": 22110,
      "date": 132531702836601595
    },
    {
      "path": "scenery/global/modelskiwh/modelskiwh.BGL",
      "size": 636644,
      "date": 133213345220331594
    },
    {
      "path": "scenery/global/modelskiwh/texture/MAINBUILDING.PNG.DDS",
      "size": 89478640,
      "date": 132497843763918871
    },
    {
      "path": "scenery/global/modelskiwh/texture/MAINBUILDING.PNG.DDS.json",
      "size": 119,
      "date": 132497843763918871
    },
    {
      "path": "scenery/global/modelskiwh/texture/MAINBUILDINGNORMAL.PNG.DDS",
      "size": 89478640,
      "date": 132497843763818782
    },
    {
      "path": "scenery/global/modelskiwh/texture/MAINBUILDINGNORMAL.PNG.DDS.json",
      "size": 160,
      "date": 132497843763818782
    },
    {
      "path": "scenery/global/modelskiwh/texture/PAVILLCOLOR.PNG.DDS",
      "size": 22369776,
      "date": 132497651990979681
    },
    {
      "path": "scenery/global/modelskiwh/texture/PAVILLCOLOR.PNG.DDS.json",
      "size": 119,
      "date": 132497651990979681
    },
    {
      "path": "scenery/global/modelskiwh/texture/PAVILLNORMAL.PNG.DDS",
      "size": 11184952,
      "date": 132497651990909617
    },
    {
      "path": "scenery/global/modelskiwh/texture/PAVILLNORMAL.PNG.DDS.json",
      "size": 166,
      "date": 132497651990909617
    },
    {
      "path": "scenery/world/scenerykiwh/kiwhscene.bgl",
      "size": 49025,
      "date": 133213345220982196
    }
  ]
}