{
  "content": [
    {
      "path": "ContentInfo/julysfire-indiana-kiwh/Thumbnail.jpg",
      "size": 22110,
      "date": 132531702836601595
    },
    {
      "path": "scenery/global/modelskiwh/modelskiwh.BGL",
      "size": 636476,
      "date": 132628410061677331
    },
    {
      "path": "scenery/global/modelskiwh/TEXTURE/MAINBUILDING.PNG.DDS",
      "size": 89478640,
      "date": 132628409866564960
    },
    {
      "path": "scenery/global/modelskiwh/TEXTURE/MAINBUILDING.PNG.DDS.json",
      "size": 119,
      "date": 132628409865676995
    },
    {
      "path": "scenery/global/modelskiwh/TEXTURE/MAINBUILDINGNORMAL.PNG.DDS",
      "size": 89478640,
      "date": 132628409805186799
    },
    {
      "path": "scenery/global/modelskiwh/TEXTURE/MAINBUILDINGNORMAL.PNG.DDS.json",
      "size": 160,
      "date": 132628409804316013
    },
    {
      "path": "scenery/global/modelskiwh/TEXTURE/PAVILLCOLOR.PNG.DDS",
      "size": 22369776,
      "date": 132628409883007679
    },
    {
      "path": "scenery/global/modelskiwh/TEXTURE/PAVILLCOLOR.PNG.DDS.json",
      "size": 119,
      "date": 132628409882847534
    },
    {
      "path": "scenery/global/modelskiwh/TEXTURE/PAVILLNORMAL.PNG.DDS",
      "size": 22369796,
      "date": 132628410061236923
    },
    {
      "path": "scenery/global/modelskiwh/TEXTURE/PAVILLNORMAL.PNG.DDS.json",
      "size": 191,
      "date": 132628410061066767
    },
    {
      "path": "scenery/world/scenerykiwh/airportarea.bgl",
      "size": 888,
      "date": 132628410062488062
    },
    {
      "path": "scenery/world/scenerykiwh/kiwhscene.bgl",
      "size": 45827,
      "date": 132628410062297891
    }
  ]
}