{
  "content": [
    {
      "path": "ContentInfo/julysfire-indiana-kiwh/Thumbnail.jpg",
      "size": 22110,
      "date": 132531702836601595
    },
    {
      "path": "scenery/global/modelskiwh/modelskiwh.BGL",
      "size": 636476,
      "date": 132531705252678746
    },
    {
      "path": "scenery/global/modelskiwh/TEXTURE/MAINBUILDING.PNG.DDS",
      "size": 89478640,
      "date": 132531705042533298
    },
    {
      "path": "scenery/global/modelskiwh/TEXTURE/MAINBUILDING.PNG.DDS.json",
      "size": 119,
      "date": 132531705041600081
    },
    {
      "path": "scenery/global/modelskiwh/TEXTURE/MAINBUILDINGNORMAL.PNG.DDS",
      "size": 89478640,
      "date": 132531704981112712
    },
    {
      "path": "scenery/global/modelskiwh/TEXTURE/MAINBUILDINGNORMAL.PNG.DDS.json",
      "size": 160,
      "date": 132531704980201742
    },
    {
      "path": "scenery/global/modelskiwh/TEXTURE/PAVILLCOLOR.PNG.DDS",
      "size": 22369776,
      "date": 132531705059588979
    },
    {
      "path": "scenery/global/modelskiwh/TEXTURE/PAVILLCOLOR.PNG.DDS.json",
      "size": 119,
      "date": 132531705059388797
    },
    {
      "path": "scenery/global/modelskiwh/TEXTURE/PAVILLNORMAL.PNG.DDS",
      "size": 22369796,
      "date": 132531705252198285
    },
    {
      "path": "scenery/global/modelskiwh/TEXTURE/PAVILLNORMAL.PNG.DDS.json",
      "size": 191,
      "date": 132531705251968077
    },
    {
      "path": "scenery/world/scenerykiwh/AIRPORTAREA.BGL",
      "size": 1161,
      "date": 132531705253929879
    },
    {
      "path": "scenery/world/scenerykiwh/kiwhscene.bgl",
      "size": 44193,
      "date": 132531705253419419
    }
  ]
}