{
  "content": [
    {
      "path": "ContentInfo/julysfire-indiana-kiwh/Thumbnail.jpg",
      "size": 22110,
      "date": 132531702836601595
    },
    {
      "path": "scenery/global/modelskiwh/modelskiwh.BGL",
      "size": 636476,
      "date": 132614291684984346
    },
    {
      "path": "scenery/global/modelskiwh/TEXTURE/MAINBUILDING.PNG.DDS",
      "size": 89478640,
      "date": 132614289697678612
    },
    {
      "path": "scenery/global/modelskiwh/TEXTURE/MAINBUILDING.PNG.DDS.json",
      "size": 119,
      "date": 132614289696727649
    },
    {
      "path": "scenery/global/modelskiwh/TEXTURE/MAINBUILDINGNORMAL.PNG.DDS",
      "size": 89478640,
      "date": 132614289636378517
    },
    {
      "path": "scenery/global/modelskiwh/TEXTURE/MAINBUILDINGNORMAL.PNG.DDS.json",
      "size": 160,
      "date": 132614289635477693
    },
    {
      "path": "scenery/global/modelskiwh/TEXTURE/PAVILLCOLOR.PNG.DDS",
      "size": 22369776,
      "date": 132614289714834870
    },
    {
      "path": "scenery/global/modelskiwh/TEXTURE/PAVILLCOLOR.PNG.DDS.json",
      "size": 119,
      "date": 132614289714654709
    },
    {
      "path": "scenery/global/modelskiwh/TEXTURE/PAVILLNORMAL.PNG.DDS",
      "size": 22369796,
      "date": 132614289934402787
    },
    {
      "path": "scenery/global/modelskiwh/TEXTURE/PAVILLNORMAL.PNG.DDS.json",
      "size": 191,
      "date": 132614289934222628
    },
    {
      "path": "scenery/world/scenerykiwh/AIRPORTAREA.BGL",
      "size": 888,
      "date": 132614289935613893
    },
    {
      "path": "scenery/world/scenerykiwh/kiwhscene.bgl",
      "size": 45827,
      "date": 132614291685644985
    }
  ]
}