{
  "content": [
    {
      "path": "ContentInfo/julysfire-indiana-kmcx/Thumbnail.jpg",
      "size": 13520,
      "date": 132399197780000000
    },
    {
      "path": "MaterialLibs/mymaterialskmcx/Library.xml",
      "size": 959,
      "date": 132498508870707046
    },
    {
      "path": "MaterialLibs/mymaterialskmcx/Textures/TEXTURESCOM_PAVEMENT_ROADSEALED_1K_ALBEDO.TIF.DDS",
      "size": 699236,
      "date": 132498508872344976
    },
    {
      "path": "MaterialLibs/mymaterialskmcx/Textures/TexturesCom_Pavement_RoadSealed_1K_albedo.tif.DDS.FLAGS",
      "size": 39,
      "date": 132474240900365894
    },
    {
      "path": "MaterialLibs/mymaterialskmcx/Textures/TEXTURESCOM_PAVEMENT_ROADSEALED_1K_ALBEDO.TIF.DDS.json",
      "size": 231,
      "date": 132498508872324956
    },
    {
      "path": "scenery/world/scenerykmcx/POLYSKMCX.BGL",
      "size": 930,
      "date": 132498508873325875
    },
    {
      "path": "scenery/world/scenerykmcx/scenekmcx.bgl",
      "size": 46697,
      "date": 132498508873075644
    }
  ]
}