{
  "content": [
    {
      "path": "ContentInfo/julysfire-indiana-kiwh/Thumbnail.jpg",
      "size": 22110,
      "date": 132531702836601595
    },
    {
      "path": "scenery/global/modelskiwh/modelskiwh.BGL",
      "size": 636476,
      "date": 132664476101244755
    },
    {
      "path": "scenery/global/modelskiwh/TEXTURE/MAINBUILDING.PNG.DDS",
      "size": 89478640,
      "date": 132664475900799597
    },
    {
      "path": "scenery/global/modelskiwh/TEXTURE/MAINBUILDING.PNG.DDS.json",
      "size": 119,
      "date": 132664475899848730
    },
    {
      "path": "scenery/global/modelskiwh/TEXTURE/MAINBUILDINGNORMAL.PNG.DDS",
      "size": 89478640,
      "date": 132664475840580126
    },
    {
      "path": "scenery/global/modelskiwh/TEXTURE/MAINBUILDINGNORMAL.PNG.DDS.json",
      "size": 160,
      "date": 132664475839679307
    },
    {
      "path": "scenery/global/modelskiwh/TEXTURE/PAVILLCOLOR.PNG.DDS",
      "size": 22369776,
      "date": 132664475917707437
    },
    {
      "path": "scenery/global/modelskiwh/TEXTURE/PAVILLCOLOR.PNG.DDS.json",
      "size": 119,
      "date": 132664475917557159
    },
    {
      "path": "scenery/global/modelskiwh/TEXTURE/PAVILLNORMAL.PNG.DDS",
      "size": 22369796,
      "date": 132664476100794337
    },
    {
      "path": "scenery/global/modelskiwh/TEXTURE/PAVILLNORMAL.PNG.DDS.json",
      "size": 191,
      "date": 132664476100629151
    },
    {
      "path": "scenery/world/scenerykiwh/airportarea.bgl",
      "size": 888,
      "date": 132664476102095547
    },
    {
      "path": "scenery/world/scenerykiwh/kiwhscene.bgl",
      "size": 45827,
      "date": 132664476101885361
    }
  ]
}