{
  "content": [
    {
      "path": "ContentInfo/julysfire-indiana-kiwh/Thumbnail.jpg",
      "size": 22110,
      "date": 132531702836601595
    },
    {
      "path": "scenery/global/modelskiwh/modelskiwh.BGL",
      "size": 636580,
      "date": 132750901800345562
    },
    {
      "path": "scenery/global/modelskiwh/texture/MAINBUILDING.PNG.DDS",
      "size": 89478640,
      "date": 132750901773901872
    },
    {
      "path": "scenery/global/modelskiwh/texture/MAINBUILDING.PNG.DDS.json",
      "size": 119,
      "date": 132750901773025915
    },
    {
      "path": "scenery/global/modelskiwh/texture/MAINBUILDINGNORMAL.PNG.DDS",
      "size": 89478640,
      "date": 132750901713096018
    },
    {
      "path": "scenery/global/modelskiwh/texture/MAINBUILDINGNORMAL.PNG.DDS.json",
      "size": 160,
      "date": 132750901712174966
    },
    {
      "path": "scenery/global/modelskiwh/texture/PAVILLCOLOR.PNG.DDS",
      "size": 22369776,
      "date": 132750901790382259
    },
    {
      "path": "scenery/global/modelskiwh/texture/PAVILLCOLOR.PNG.DDS.json",
      "size": 119,
      "date": 132750901790211997
    },
    {
      "path": "scenery/global/modelskiwh/texture/PAVILLNORMAL.PNG.DDS",
      "size": 11184952,
      "date": 132750901799930134
    },
    {
      "path": "scenery/global/modelskiwh/texture/PAVILLNORMAL.PNG.DDS.json",
      "size": 166,
      "date": 132750901799834999
    },
    {
      "path": "scenery/world/scenerykiwh/airportarea.bgl",
      "size": 888,
      "date": 132750901801126277
    },
    {
      "path": "scenery/world/scenerykiwh/kiwhscene.bgl",
      "size": 45827,
      "date": 132750901800986143
    }
  ]
}