{
  "content": [
    {
      "path": "ContentInfo/julysfire-indiana-koxi/Thumbnail.jpg",
      "size": 32756,
      "date": 132531704194062197
    },
    {
      "path": "MaterialLibs/mymaterialskoxi/Library.xml",
      "size": 959,
      "date": 132612554934126551
    },
    {
      "path": "MaterialLibs/mymaterialskoxi/Textures/TEXTURESCOM_PAVEMENT_ROADSEALED_1K_ALBEDO.TIF.DDS",
      "size": 699236,
      "date": 132612554935838112
    },
    {
      "path": "MaterialLibs/mymaterialskoxi/Textures/TexturesCom_Pavement_RoadSealed_1K_albedo.tif.DDS.FLAGS",
      "size": 39,
      "date": 132474240900365894
    },
    {
      "path": "MaterialLibs/mymaterialskoxi/Textures/TEXTURESCOM_PAVEMENT_ROADSEALED_1K_ALBEDO.TIF.DDS.json",
      "size": 231,
      "date": 132612554935778056
    },
    {
      "path": "scenery/world/scenerykoxi/koxiscene.bgl",
      "size": 28903,
      "date": 132612554936438653
    },
    {
      "path": "scenery/world/scenerykoxi/KOXISHAPES.BGL",
      "size": 1178,
      "date": 132612554936688883
    }
  ]
}