{
  "content": [
    {
      "path": "ContentInfo/julysfire-indiana-kmcx/Thumbnail.jpg",
      "size": 30130,
      "date": 132531703678142840
    },
    {
      "path": "MaterialLibs/mymaterialskmcx/Library.xml",
      "size": 709,
      "date": 132750901801256389
    },
    {
      "path": "MaterialLibs/mymaterialskmcx/Textures/TexturesCom_Pavement_RoadSealed_1K_albedo.tif.DDS",
      "size": 699236,
      "date": 132750901803009891
    },
    {
      "path": "MaterialLibs/mymaterialskmcx/Textures/TexturesCom_Pavement_RoadSealed_1K_albedo.tif.DDS.FLAGS",
      "size": 39,
      "date": 132474240900365894
    },
    {
      "path": "MaterialLibs/mymaterialskmcx/Textures/TexturesCom_Pavement_RoadSealed_1K_albedo.tif.DDS.json",
      "size": 231,
      "date": 132750901802999889
    },
    {
      "path": "scenery/world/scenerykmcx/polyskmcx.bgl",
      "size": 1152,
      "date": 132750901803680498
    },
    {
      "path": "scenery/world/scenerykmcx/scenekmcx.bgl",
      "size": 46149,
      "date": 132750901803540373
    }
  ]
}