{
  "content": [
    {
      "path": "ContentInfo/julysfire-indiana-kmcx/Thumbnail.jpg",
      "size": 30130,
      "date": 132531703678142840
    },
    {
      "path": "MaterialLibs/mymaterialskmcx/Library.xml",
      "size": 959,
      "date": 132664475775624437
    },
    {
      "path": "MaterialLibs/mymaterialskmcx/Textures/TEXTURESCOM_PAVEMENT_ROADSEALED_1K_ALBEDO.TIF.DDS",
      "size": 699236,
      "date": 132664475777166314
    },
    {
      "path": "MaterialLibs/mymaterialskmcx/Textures/TexturesCom_Pavement_RoadSealed_1K_albedo.tif.DDS.FLAGS",
      "size": 39,
      "date": 132474240900365894
    },
    {
      "path": "MaterialLibs/mymaterialskmcx/Textures/TEXTURESCOM_PAVEMENT_ROADSEALED_1K_ALBEDO.TIF.DDS.json",
      "size": 231,
      "date": 132664475777156302
    },
    {
      "path": "scenery/world/scenerykmcx/polyskmcx.bgl",
      "size": 1152,
      "date": 132664475778027091
    },
    {
      "path": "scenery/world/scenerykmcx/scenekmcx.bgl",
      "size": 46149,
      "date": 132664475777816895
    }
  ]
}