{
  "content": [
    {
      "path": "ContentInfo/julysfire-indiana-kbfr/Thumbnail.jpg",
      "size": 28743,
      "date": 132668662397364513
    },
    {
      "path": "scenery/global/scenerykbfr/modelskbfr.BGL",
      "size": 5025716,
      "date": 132750901950702525
    },
    {
      "path": "scenery/global/scenerykbfr/texture/FBOCOLOR.PNG.DDS",
      "size": 11184952,
      "date": 132750901907717096
    },
    {
      "path": "scenery/global/scenerykbfr/texture/FBOCOLOR.PNG.DDS.json",
      "size": 102,
      "date": 132750901907617006
    },
    {
      "path": "scenery/global/scenerykbfr/texture/GLASSPANE.PNG.DDS",
      "size": 20192,
      "date": 132750901892678613
    },
    {
      "path": "scenery/global/scenerykbfr/texture/GLASSPANE.PNG.DDS.json",
      "size": 102,
      "date": 132750901892678613
    },
    {
      "path": "scenery/global/scenerykbfr/texture/HANGCOLOR.PNG.DDS",
      "size": 22369776,
      "date": 132750901924220733
    },
    {
      "path": "scenery/global/scenerykbfr/texture/HANGCOLOR.PNG.DDS.json",
      "size": 119,
      "date": 132750901924060588
    },
    {
      "path": "scenery/global/scenerykbfr/texture/PAVILLCOLOR.PNG.DDS",
      "size": 22369776,
      "date": 132750901940612540
    },
    {
      "path": "scenery/global/scenerykbfr/texture/PAVILLCOLOR.PNG.DDS.json",
      "size": 119,
      "date": 132750901940442393
    },
    {
      "path": "scenery/global/scenerykbfr/texture/PAVILLNORMAL.PNG.DDS",
      "size": 11184952,
      "date": 132750901949951835
    },
    {
      "path": "scenery/global/scenerykbfr/texture/PAVILLNORMAL.PNG.DDS.json",
      "size": 166,
      "date": 132750901949851744
    },
    {
      "path": "scenery/global/scenerykbfr/texture/TEX2.PNG.DDS",
      "size": 89478640,
      "date": 132750901892508460
    },
    {
      "path": "scenery/global/scenerykbfr/texture/TEX2.PNG.DDS.json",
      "size": 119,
      "date": 132750901891597634
    },
    {
      "path": "scenery/world/scenerykbfr/kbfrpolies.bgl",
      "size": 7858,
      "date": 132750901951322936
    },
    {
      "path": "scenery/world/scenerykbfr/kbfrscene.bgl",
      "size": 32506,
      "date": 132750901951132908
    }
  ]
}