{
  "content": [
    {
      "path": "ContentInfo/julysfire-indiana-vegeterrain/Thumbnail.jpg",
      "size": 13520,
      "date": 132399197780000000
    },
    {
      "path": "manifest.json",
      "size": 311,
      "date": 132497697568921502
    },
    {
      "path": "scenery/world/sceneryindianaveg/MAINPOLIES.BGL",
      "size": 246807,
      "date": 132497941008486474
    },
    {
      "path": "scenery/world/sceneryindianaveg/objects.bgl",
      "size": 56,
      "date": 132497940998877734
    }
  ]
}