{
  "content": [
    {
      "path": "ContentInfo/julysfire-indiana-koxi/Thumbnail.jpg",
      "size": 13520,
      "date": 132399197780000000
    },
    {
      "path": "MaterialLibs/mymaterialskoxi/Library.xml",
      "size": 959,
      "date": 132507500118989731
    },
    {
      "path": "MaterialLibs/mymaterialskoxi/Textures/TEXTURESCOM_PAVEMENT_ROADSEALED_1K_ALBEDO.TIF.DDS",
      "size": 699236,
      "date": 132507500120836758
    },
    {
      "path": "MaterialLibs/mymaterialskoxi/Textures/TexturesCom_Pavement_RoadSealed_1K_albedo.tif.DDS.FLAGS",
      "size": 39,
      "date": 132474240900365894
    },
    {
      "path": "MaterialLibs/mymaterialskoxi/Textures/TEXTURESCOM_PAVEMENT_ROADSEALED_1K_ALBEDO.TIF.DDS.json",
      "size": 231,
      "date": 132507500120826751
    },
    {
      "path": "scenery/world/scenerykoxi/koxiscene.bgl",
      "size": 29599,
      "date": 132507500121427302
    },
    {
      "path": "scenery/world/scenerykoxi/KOXISHAPES.BGL",
      "size": 1178,
      "date": 132507500121537402
    }
  ]
}